{"name":"4c29fd4d-94ed-43ec-9971-34c6a69ed2f8","id":"/providers/Microsoft.Flow/flows/4c29fd4d-94ed-43ec-9971-34c6a69ed2f8","type":"Microsoft.Flow/flows","properties":{"apiId":"/providers/Microsoft.PowerApps/apis/shared_logicflows","displayName":"Privileged Role Self Activate","definition":{"metadata":{"creator":{"id":"0f37de95-a6b4-491d-8425-32a370ed7b5d","type":"User","tenantId":"104742fb-6225-439f-9540-60da5f0317dc"},"provisioningMethod":"FromDefinition","failureAlertSubscription":true,"clientLastModifiedTime":"2018-09-13T13:35:35.2858316Z"},"$schema":"https://schema.management.azure.com/providers/Microsoft.Logic/schemas/2016-06-01/workflowdefinition.json#","contentVersion":"1.0.0.0","parameters":{"$connections":{"defaultValue":{},"type":"Object"},"$authentication":{"defaultValue":{},"type":"SecureObject"}},"triggers":{"manual":{"type":"Request","kind":"PowerApp","inputs":{"schema":{"type":"object","required":["PrivilegedRoleSelfActivate_id","PrivilegedRoleSelfActivate_reason"],"properties":{"PrivilegedRoleSelfActivate_id":{"type":"string","x-ms-powerflows-param-ispartial":false},"PrivilegedRoleSelfActivate_reason":{"type":"string","description":"reason","x-ms-powerflows-param-ispartial":false}}}}}},"actions":{"Privileged_Role_Self_Activate":{"runAfter":{},"metadata":{"flowSystemMetadata":{"swaggerOperationId":"PrivilegedRoleselfActivate"}},"type":"ApiConnection","inputs":{"host":{"api":{"runtimeUrl":"https://flow-apim-europe-001-francecentral-01.azure-apim.net/apim/powerapps.20microsoft.20graph.5faf0c49565087fa8-78783e2bf47c2a78"},"connection":{"name":"@json(decodeBase64(triggerOutputs().headers['X-MS-APIM-Tokens']))['$connections']['shared_powerapps.20microsoft.20graph.5faf0c49565087fa8-78783e2bf47c2a78']['connectionId']"}},"method":"post","body":{"reason":"@triggerBody()['PrivilegedRoleSelfActivate_reason']"},"path":"/beta/privilegedRoles/@{encodeURIComponent(triggerBody()['PrivilegedRoleSelfActivate_id'])}/selfActivate","authentication":{"type":"Raw","value":"@json(decodeBase64(triggerOutputs().headers['X-MS-APIM-Tokens']))['$ConnectionKey']"}}},"Response":{"runAfter":{"Privileged_Role_Self_Activate":["Succeeded"]},"type":"Response","kind":"Http","inputs":{"statusCode":200,"body":"@body('Privileged_Role_Self_Activate')"}}},"outputs":{},"description":"Create one or more actions to happen when a button or link in PowerApps is selected. To use this flow from a PowerApp, select the control you want to trigger the flow and go to the Action tab in the PowerApps ribbon and select Flows."},"connectionReferences":{"shared_powerapps.20microsoft.20graph.5faf0c49565087fa8-78783e2bf47c2a78":{"connectionName":"shared-powerapps.20m-d59537cb-4852-4276-b2a5-121e92e87441","source":"Invoker","id":"/providers/Microsoft.PowerApps/apis/shared_powerapps.20microsoft.20graph.5faf0c49565087fa8-78783e2bf47c2a78","tier":"NotSpecified"}},"flowFailureAlertSubscribed":false}}