{"schemaVersion":"1.0","appDefinitionTemplate":{"id":"/providers/Microsoft.PowerApps/apps/","type":"Microsoft.PowerApps/apps","tags":{"minimumRequiredApiVersion":"2.2.0"},"properties":{"appVersion":"2018-09-15T09:19:14Z","lifeCycleId":"Published","createdByClientVersion":{"major":3,"minor":18091,"build":15,"revision":0,"majorRevision":0,"minorRevision":0},"minClientVersion":{"major":3,"minor":18091,"build":15,"revision":0,"majorRevision":0,"minorRevision":0},"backgroundColor":"rgba(1, 60, 96, 1)","backgroundImageUri":"/16898463613403246431/Ne596aa79-7ef4-4735-b848-8b2cd92c94ae-logoSmallFile","displayName":"Azure AD PIM App","description":"","appUris":{"documentUri":{"value":"/16898463613403246431/Nff52cceb-0e26-4661-87f1-666c61955123-document.msapp","readonlyValue":"/16898463613403246431/Nff52cceb-0e26-4661-87f1-666c61955123-document.msapp"},"imageUris":[]},"createdTime":"0001-01-01T00:00:00Z","lastModifiedTime":"0001-01-01T00:00:00Z","sharedGroupsCount":0,"sharedUsersCount":0,"icons":{"smallIconUri":"/16898463613403246431/Nbba2c783-cee6-45ee-9aea-d12a730a60c8-small.png","mediumIconUri":"/16898463613403246431/N0cb76c2f-5a00-4506-aaad-fa8fb8a693b2-medium.png","largeIconUri":"/16898463613403246431/N4e586aef-be6d-4b32-8a74-5840f997638e-large.png","wideIconUri":"/16898463613403246431/Ned3c10d0-c986-4e7f-91fd-54ae280882e3-wide.png"},"connectionReferences":{"a2665c3a-c08f-4e53-afa2-da39293c66ff":{"id":"20fb71cf-aafd-48c6-8480-6d61ce90130d","displayName":"Logic flows","iconUri":"https://resourcestackdeploy.blob.core.windows.net/scripts/13276078.png","dataSources":["GetMyRoleAssignments"],"dependencies":["51097883-a657-45ff-8e82-4eea37573c98"],"dependents":[],"parameterHints":{"workflowName":{"value":"944f8b36-0361-4a68-9388-5b49554f8f5b"},"51097883-a657-45ff-8e82-4eea37573c98":{"value":"shared_powerapps.20microsoft.20graph.5faf0c49565087fa8-78783e2bf47c2a78_1"}},"isOnPremiseConnection":false,"bypassConsent":false,"dataSets":{},"apiTier":"Standard"},"51097883-a657-45ff-8e82-4eea37573c98":{"id":"64ce47e0-c5be-4290-9760-ef29b0a80447","displayName":"PowerApps Microsoft Graph","iconUri":"https://prodapiicons.cdn.powerappscdn.net/20180711t000000z6e35f6d5a20f4af28017a233d19f99cd/customconnectoricon.customconnectoricon","dataSources":[],"dependencies":[],"dependents":["a2665c3a-c08f-4e53-afa2-da39293c66ff"],"parameterHints":{},"isOnPremiseConnection":false,"bypassConsent":false,"dataSets":{},"apiTier":"Standard"},"adbc75bb-530d-423e-a95a-126c57871f95":{"id":"20fb71cf-aafd-48c6-8480-6d61ce90130d","displayName":"Logic flows","iconUri":"https://resourcestackdeploy.blob.core.windows.net/scripts/13276078.png","dataSources":["PrivilegedRoleSelfActivate"],"dependencies":["7caaf05d-53b9-413e-8edf-08328afdbbd8"],"dependents":[],"parameterHints":{"workflowName":{"value":"9b1330d7-6a22-4d19-8911-7b8975caa146"},"7caaf05d-53b9-413e-8edf-08328afdbbd8":{"value":"shared_powerapps.20microsoft.20graph.5faf0c49565087fa8-78783e2bf47c2a78"}},"isOnPremiseConnection":false,"bypassConsent":false,"dataSets":{},"apiTier":"Standard"},"7caaf05d-53b9-413e-8edf-08328afdbbd8":{"id":"64ce47e0-c5be-4290-9760-ef29b0a80447","displayName":"PowerApps Microsoft Graph","iconUri":"https://prodapiicons.cdn.powerappscdn.net/20180711t000000z6e35f6d5a20f4af28017a233d19f99cd/customconnectoricon.customconnectoricon","dataSources":[],"dependencies":[],"dependents":["adbc75bb-530d-423e-a95a-126c57871f95","003dbac2-1bbf-4c8b-beb2-26335e6d3ba4"],"parameterHints":{},"isOnPremiseConnection":false,"bypassConsent":false,"dataSets":{},"apiTier":"Standard"},"003dbac2-1bbf-4c8b-beb2-26335e6d3ba4":{"id":"20fb71cf-aafd-48c6-8480-6d61ce90130d","displayName":"Logic flows","iconUri":"https://resourcestackdeploy.blob.core.windows.net/scripts/13276078.png","dataSources":["PrivilegedRoleSelfDeactivate"],"dependencies":["7caaf05d-53b9-413e-8edf-08328afdbbd8"],"dependents":[],"parameterHints":{"workflowName":{"value":"bc3b33c8-3dd8-4c92-9644-05abac3bd91f"},"7caaf05d-53b9-413e-8edf-08328afdbbd8":{"value":"shared_powerapps.20microsoft.20graph.5faf0c49565087fa8-78783e2bf47c2a78"}},"isOnPremiseConnection":false,"bypassConsent":false,"dataSets":{},"apiTier":"Standard"}}}}}