{"name":"3aa81a3f-864e-47c7-9af4-b0386d16e80f","id":"/providers/Microsoft.Flow/flows/3aa81a3f-864e-47c7-9af4-b0386d16e80f","type":"Microsoft.Flow/flows","properties":{"apiId":"/providers/Microsoft.PowerApps/apis/shared_logicflows","displayName":"Get My Role Assignments","definition":{"metadata":{"creator":{"id":"0f37de95-a6b4-491d-8425-32a370ed7b5d","type":"User","tenantId":"104742fb-6225-439f-9540-60da5f0317dc"},"provisioningMethod":"FromDefinition","failureAlertSubscription":true,"clientLastModifiedTime":"2018-09-12T13:23:46.7733568Z"},"$schema":"https://schema.management.azure.com/providers/Microsoft.Logic/schemas/2016-06-01/workflowdefinition.json#","contentVersion":"1.0.0.0","parameters":{"$connections":{"defaultValue":{},"type":"Object"},"$authentication":{"defaultValue":{},"type":"SecureObject"}},"triggers":{"manual":{"type":"Request","kind":"PowerApp","inputs":{"schema":{"type":"object","required":[],"properties":{}}}}},"actions":{"My_Privileged_Role_Assignments":{"runAfter":{"Initialize_variable":["Succeeded"]},"metadata":{"flowSystemMetadata":{"swaggerOperationId":"PrivilegedRoleAssignmentmy"}},"type":"ApiConnection","inputs":{"host":{"api":{"runtimeUrl":"https://flow-apim-europe-001-northeurope-01.azure-apim.net/apim/powerapps.20microsoft.20graph.5faf0c49565087fa8-78783e2bf47c2a78"},"connection":{"name":"@json(decodeBase64(triggerOutputs().headers['X-MS-APIM-Tokens']))['$connections']['shared_powerapps.20microsoft.20graph.5faf0c49565087fa8-78783e2bf47c2a78_1']['connectionId']"}},"method":"get","path":"/beta/privilegedRoleAssignments/my","authentication":{"type":"Raw","value":"@json(decodeBase64(triggerOutputs().headers['X-MS-APIM-Tokens']))['$ConnectionKey']"}}},"For_Each_Role_Assignment":{"foreach":"@body('My_Privileged_Role_Assignments')?['value']","actions":{"List_directoryRoles_to_get_DisplayName":{"runAfter":{},"metadata":{"flowSystemMetadata":{"swaggerOperationId":"ListdirectoryRoles"}},"type":"ApiConnection","inputs":{"host":{"api":{"runtimeUrl":"https://flow-apim-europe-001-northeurope-01.azure-apim.net/apim/powerapps.20microsoft.20graph.5faf0c49565087fa8-78783e2bf47c2a78"},"connection":{"name":"@json(decodeBase64(triggerOutputs().headers['X-MS-APIM-Tokens']))['$connections']['shared_powerapps.20microsoft.20graph.5faf0c49565087fa8-78783e2bf47c2a78_1']['connectionId']"}},"method":"get","path":"/beta/directoryroles/","queries":{"$filter":"roleTemplateId eq '@{items('For_Each_Role_Assignment')?['roleId']}'"},"authentication":{"type":"Raw","value":"@json(decodeBase64(triggerOutputs().headers['X-MS-APIM-Tokens']))['$ConnectionKey']"}}},"Apply_to_each":{"foreach":"@body('List_directoryRoles_to_get_DisplayName')?['value']","actions":{"Append_to_array_variable":{"runAfter":{},"type":"AppendToArrayVariable","inputs":{"name":"MyRolesArray","value":{"roleId":"@{items('For_Each_Role_Assignment')?['roleId']}","displayName":"@{items('Apply_to_each')?['displayName']}","isElevated":"@items('For_Each_Role_Assignment')?['isElevated']","expirationDateTime":"@items('For_Each_Role_Assignment')?['expirationDateTime']"}}}},"runAfter":{"List_directoryRoles_to_get_DisplayName":["Succeeded"]},"type":"Foreach"}},"runAfter":{"My_Privileged_Role_Assignments":["Succeeded"]},"type":"Foreach"},"Initialize_variable":{"runAfter":{},"type":"InitializeVariable","inputs":{"variables":[{"name":"MyRolesArray","type":"Array"}]}},"Response":{"runAfter":{"For_Each_Role_Assignment":["Succeeded"]},"type":"Response","kind":"Http","inputs":{"statusCode":200,"body":"@variables('MyRolesArray')","schema":{"type":"array","items":{"type":"object","properties":{"roleId":{"type":"string"},"displayName":{"type":"string"},"isElevated":{"type":"boolean"},"expirationDateTime":{"type":"string"}},"required":["roleId","displayName","isElevated","expirationDateTime"]}}}}},"outputs":{},"description":"Create one or more actions to happen when a button or link in PowerApps is selected. To use this flow from a PowerApp, select the control you want to trigger the flow and go to the Action tab in the PowerApps ribbon and select Flows."},"connectionReferences":{"shared_powerapps.20microsoft.20graph.5faf0c49565087fa8-78783e2bf47c2a78_1":{"connectionName":"shared-powerapps.20m-36bbe63a-886e-4f5d-a10e-fca63d0a3016","source":"Invoker","id":"/providers/Microsoft.PowerApps/apis/shared_powerapps.20microsoft.20graph.5faf0c49565087fa8-78783e2bf47c2a78","tier":"NotSpecified"}},"flowFailureAlertSubscribed":false}}